{
  "version": 1,
  "savedAt": "2026-06-30T07:28:10.067Z",
  "trainedForSec": 75,
  "source": "generator",
  "signals": 1086,
  "winRate": 35.4,
  "auc": 1,
  "mlValidated": true,
  "ml": {
    "version": 2,
    "trees": [
      {
        "featureIndex": 0,
        "threshold": 2.4050000000000002,
        "leftScore": -1.9658119651398933,
        "rightScore": 1.7590361437305848
      },
      {
        "featureIndex": 0,
        "threshold": 6.375,
        "leftScore": -1.039560210597488,
        "rightScore": 1.1722107688243981
      },
      {
        "featureIndex": 0,
        "threshold": 1.315,
        "leftScore": -1.0495203185887336,
        "rightScore": 0.719519319815302
      },
      {
        "featureIndex": 11,
        "threshold": 1.85472,
        "leftScore": -2.8104638152743076,
        "rightScore": 0.47671811554587523
      }
    ],
    "learningRate": 0.3,
    "calibration": {
      "Bitfinex -> Gate": {
        "observations": 16,
        "brierScore": 0.17606117703514007,
        "wins": 7
      },
      "Okx -> Gate": {
        "observations": 18,
        "brierScore": 0.1370683402338833,
        "wins": 7
      },
      "Okx -> Kraken": {
        "observations": 2,
        "brierScore": 0.08440868000000001,
        "wins": 1
      },
      "Coinbase -> Okx": {
        "observations": 12,
        "brierScore": 0.12885142175790304,
        "wins": 3
      },
      "Bitfinex -> Bybit": {
        "observations": 2,
        "brierScore": 0.2340244,
        "wins": 2
      },
      "Coinbase -> Bybit": {
        "observations": 8,
        "brierScore": 0.12493741683248108,
        "wins": 2
      },
      "Okx -> Coinbase": {
        "observations": 8,
        "brierScore": 0.10327614433790674,
        "wins": 1
      },
      "Kraken -> Bitfinex": {
        "observations": 8,
        "brierScore": 0.12399640380053753,
        "wins": 1
      },
      "Kraken -> Coinbase": {
        "observations": 10,
        "brierScore": 0.16853433181235725,
        "wins": 6
      },
      "Bybit -> Okx": {
        "observations": 6,
        "brierScore": 0.11070597087744002,
        "wins": 0
      },
      "Bitfinex -> Kraken": {
        "observations": 11,
        "brierScore": 0.15803202132837207,
        "wins": 6
      },
      "Gate -> Okx": {
        "observations": 8,
        "brierScore": 0.1465910080761856,
        "wins": 3
      },
      "Kraken -> Binance": {
        "observations": 11,
        "brierScore": 0.15789058686740798,
        "wins": 9
      },
      "Bybit -> Kraken": {
        "observations": 4,
        "brierScore": 0.08776034860800001,
        "wins": 1
      },
      "Coinbase -> Bitfinex": {
        "observations": 4,
        "brierScore": 0.13131423199999998,
        "wins": 1
      },
      "Coinbase -> Gate": {
        "observations": 4,
        "brierScore": 0.12695028851200002,
        "wins": 0
      },
      "Coinbase -> Kraken": {
        "observations": 7,
        "brierScore": 0.13103641680970962,
        "wins": 3
      },
      "Gate -> Bybit": {
        "observations": 2,
        "brierScore": 0.073566,
        "wins": 0
      },
      "Coinbase -> Binance": {
        "observations": 8,
        "brierScore": 0.11925731180743068,
        "wins": 4
      },
      "Binance -> Bybit": {
        "observations": 6,
        "brierScore": 0.11413998591488,
        "wins": 0
      },
      "Gate -> Bitfinex": {
        "observations": 6,
        "brierScore": 0.1472635930646528,
        "wins": 6
      },
      "Binance -> Kraken": {
        "observations": 12,
        "brierScore": 0.11855295064652063,
        "wins": 2
      },
      "Okx -> Binance": {
        "observations": 8,
        "brierScore": 0.10712569257822947,
        "wins": 4
      },
      "Gate -> Binance": {
        "observations": 7,
        "brierScore": 0.23634363197150418,
        "wins": 3
      },
      "Gate -> Coinbase": {
        "observations": 6,
        "brierScore": 0.14371023905003524,
        "wins": 3
      },
      "Okx -> Bitfinex": {
        "observations": 7,
        "brierScore": 0.086526481570132,
        "wins": 1
      },
      "Bybit -> Binance": {
        "observations": 4,
        "brierScore": 0.10184098265600001,
        "wins": 2
      },
      "Kraken -> Bybit": {
        "observations": 4,
        "brierScore": 0.13983317017600003,
        "wins": 2
      },
      "Gate -> Kraken": {
        "observations": 4,
        "brierScore": 0.0636567184,
        "wins": 0
      },
      "Binance -> Okx": {
        "observations": 3,
        "brierScore": 0.10645955039999998,
        "wins": 3
      },
      "Okx -> Bybit": {
        "observations": 10,
        "brierScore": 0.12769162431827202,
        "wins": 3
      },
      "Bitfinex -> Okx": {
        "observations": 4,
        "brierScore": 0.1272752784,
        "wins": 1
      },
      "Binance -> Bitfinex": {
        "observations": 4,
        "brierScore": 0.12919610067200002,
        "wins": 1
      },
      "Binance -> Gate": {
        "observations": 2,
        "brierScore": 0.1269686,
        "wins": 0
      },
      "Bybit -> Bitfinex": {
        "observations": 4,
        "brierScore": 0.13668842592,
        "wins": 2
      },
      "Bybit -> Gate": {
        "observations": 2,
        "brierScore": 0.132164,
        "wins": 0
      },
      "Kraken -> Okx": {
        "observations": 4,
        "brierScore": 0.2466021058560001,
        "wins": 0
      },
      "Binance -> Coinbase": {
        "observations": 2,
        "brierScore": 0.12662288,
        "wins": 1
      },
      "Bitfinex -> Binance": {
        "observations": 4,
        "brierScore": 0.18313737055999998,
        "wins": 2
      },
      "Bitfinex -> Coinbase": {
        "observations": 2,
        "brierScore": 0.13130824,
        "wins": 1
      },
      "Bybit -> Coinbase": {
        "observations": 2,
        "brierScore": 0.09982016000000002,
        "wins": 1
      }
    },
    "trainedAt": "2026-06-30T07:27:09.150Z",
    "observations": 256
  },
  "aet": {
    "Bitfinex -> Gate": {
      "bias": -0.029018366064615317,
      "brierScore": 0.1367016268783014,
      "observations": 51,
      "wins": 18
    },
    "Okx -> Gate": {
      "bias": -0.00603232671196267,
      "brierScore": 0.1527152839569762,
      "observations": 34,
      "wins": 14
    },
    "Okx -> Kraken": {
      "bias": 0.01425215367148351,
      "brierScore": 0.1129623084474089,
      "observations": 11,
      "wins": 5
    },
    "Coinbase -> Okx": {
      "bias": -0.039953579961149135,
      "brierScore": 0.14025568147483408,
      "observations": 42,
      "wins": 9
    },
    "Bitfinex -> Bybit": {
      "bias": -0.028460182028483792,
      "brierScore": 0.20792903004313848,
      "observations": 8,
      "wins": 3
    },
    "Coinbase -> Bybit": {
      "bias": -0.04492495530387634,
      "brierScore": 0.14609900146820576,
      "observations": 32,
      "wins": 7
    },
    "Okx -> Coinbase": {
      "bias": -0.02516933423994988,
      "brierScore": 0.1006455767789396,
      "observations": 16,
      "wins": 4
    },
    "Kraken -> Bitfinex": {
      "bias": -0.018434760016952552,
      "brierScore": 0.13928390363289375,
      "observations": 24,
      "wins": 8
    },
    "Kraken -> Coinbase": {
      "bias": -0.019848464008903763,
      "brierScore": 0.14815539255912577,
      "observations": 35,
      "wins": 13
    },
    "Bybit -> Okx": {
      "bias": -0.05291544327178544,
      "brierScore": 0.1085267081167957,
      "observations": 13,
      "wins": 2
    },
    "Bitfinex -> Kraken": {
      "bias": -0.021271044066648186,
      "brierScore": 0.14369507340780657,
      "observations": 19,
      "wins": 8
    },
    "Gate -> Okx": {
      "bias": -0.03787249519368526,
      "brierScore": 0.12640103180089807,
      "observations": 20,
      "wins": 6
    },
    "Kraken -> Binance": {
      "bias": -0.028338820810454822,
      "brierScore": 0.1453781249509068,
      "observations": 17,